-- MySQL dump 10.13  Distrib 5.5.35, for debian-linux-gnu (i686)
--
-- Host: localhost    Database: darp
-- ------------------------------------------------------
-- Server version	5.5.35-0ubuntu0.12.04.2

/*!40101 SET @OLD_CHARACTER_SET_CLIENT=@@CHARACTER_SET_CLIENT */;
/*!40101 SET @OLD_CHARACTER_SET_RESULTS=@@CHARACTER_SET_RESULTS */;
/*!40101 SET @OLD_COLLATION_CONNECTION=@@COLLATION_CONNECTION */;
/*!40101 SET NAMES utf8 */;
/*!40103 SET @OLD_TIME_ZONE=@@TIME_ZONE */;
/*!40103 SET TIME_ZONE='+00:00' */;
/*!40014 SET @OLD_UNIQUE_CHECKS=@@UNIQUE_CHECKS, UNIQUE_CHECKS=0 */;
/*!40014 SET @OLD_FOREIGN_KEY_CHECKS=@@FOREIGN_KEY_CHECKS, FOREIGN_KEY_CHECKS=0 */;
/*!40101 SET @OLD_SQL_MODE=@@SQL_MODE, SQL_MODE='NO_AUTO_VALUE_ON_ZERO' */;
/*!40111 SET @OLD_SQL_NOTES=@@SQL_NOTES, SQL_NOTES=0 */;

--
-- Table structure for table `POSITIONS`
--

DROP TABLE IF EXISTS `POSITIONS`;
/*!40101 SET @saved_cs_client     = @@character_set_client */;
/*!40101 SET character_set_client = utf8 */;
CREATE TABLE `POSITIONS` (
  `id` int(11) NOT NULL AUTO_INCREMENT,
  `LatLng` varchar(256) DEFAULT NULL,
  `duration` int(11) DEFAULT NULL,
  PRIMARY KEY (`id`)
) ENGINE=InnoDB AUTO_INCREMENT=365 DEFAULT CHARSET=latin1;
/*!40101 SET character_set_client = @saved_cs_client */;

--
-- Dumping data for table `POSITIONS`
--

LOCK TABLES `POSITIONS` WRITE;
/*!40000 ALTER TABLE `POSITIONS` DISABLE KEYS */;
INSERT INTO `POSITIONS` VALUES (124,'{\"k\":21.006738,\"A\":105.84138000000007}',0),(125,'{\"A\":105.83155632019043,\"k\":21.021300069302878}',0),(126,'{\"A\":105.82400321960449,\"k\":21.008961323665616}',0),(127,'{\"A\":105.82735061645508,\"k\":20.99269505429058}',0),(128,'{\"A\":105.83868026733398,\"k\":20.96576768028048}',0),(129,'{\"A\":105.8646011352539,\"k\":20.980193662698852}',0),(130,'{\"A\":105.87404251098633,\"k\":21.00086847527049}',0),(131,'{\"A\":105.8038330078125,\"k\":20.992214250886114}',0),(132,'{\"A\":105.81172943115234,\"k\":21.022341604999767}',0),(133,'{\"A\":105.79490661621094,\"k\":21.005996667770734}',0),(134,'{\"A\":105.82271575927734,\"k\":21.021700660816588}',0),(135,'{\"A\":105.78048706054688,\"k\":21.004394126544792}',0),(136,'{\"A\":105.80726623535156,\"k\":21.0393256216091}',0),(137,'{\"k\":21.006738,\"A\":105.84138000000007}',0),(138,'{\"A\":105.83155632019043,\"k\":21.021300069302878}',0),(139,'{\"A\":105.82400321960449,\"k\":21.008961323665616}',3),(140,'{\"A\":105.82735061645508,\"k\":20.99269505429058}',0),(141,'{\"A\":105.83868026733398,\"k\":20.96576768028048}',3),(142,'{\"A\":105.8646011352539,\"k\":20.980193662698852}',0),(143,'{\"A\":105.87404251098633,\"k\":21.00086847527049}',2),(144,'{\"A\":105.8038330078125,\"k\":20.992214250886114}',0),(145,'{\"A\":105.81172943115234,\"k\":21.022341604999767}',0),(146,'{\"A\":105.79490661621094,\"k\":21.005996667770734}',0),(147,'{\"A\":105.82271575927734,\"k\":21.021700660816588}',0),(148,'{\"A\":105.78048706054688,\"k\":21.004394126544792}',0),(149,'{\"A\":105.80726623535156,\"k\":21.0393256216091}',0),(153,'{\"k\":21.006738,\"A\":105.84138000000007}',0),(154,'{\"A\":105.83155632019043,\"k\":21.021300069302878}',0),(155,'{\"A\":105.82400321960449,\"k\":21.008961323665616}',3),(156,'{\"A\":105.82735061645508,\"k\":20.99269505429058}',0),(157,'{\"A\":105.83868026733398,\"k\":20.96576768028048}',3),(158,'{\"A\":105.8646011352539,\"k\":20.980193662698852}',0),(159,'{\"A\":105.87404251098633,\"k\":21.00086847527049}',2),(160,'{\"A\":105.8038330078125,\"k\":20.992214250886114}',0),(161,'{\"A\":105.81172943115234,\"k\":21.022341604999767}',0),(162,'{\"A\":105.79490661621094,\"k\":21.005996667770734}',0),(163,'{\"A\":105.82271575927734,\"k\":21.021700660816588}',0),(164,'{\"A\":105.78048706054688,\"k\":21.004394126544792}',0),(165,'{\"A\":105.80726623535156,\"k\":21.0393256216091}',0),(166,'{\"k\":21.006738,\"A\":105.84138000000007}',0),(167,'{\"A\":105.83155632019043,\"k\":21.021300069302878}',0),(168,'{\"A\":105.82400321960449,\"k\":21.008961323665616}',3),(169,'{\"A\":105.82735061645508,\"k\":20.99269505429058}',0),(170,'{\"A\":105.83868026733398,\"k\":20.96576768028048}',3),(171,'{\"A\":105.8646011352539,\"k\":20.980193662698852}',0),(172,'{\"A\":105.87404251098633,\"k\":21.00086847527049}',2),(173,'{\"A\":105.8038330078125,\"k\":20.992214250886114}',0),(174,'{\"A\":105.81172943115234,\"k\":21.022341604999767}',0),(175,'{\"A\":105.79490661621094,\"k\":21.005996667770734}',0),(176,'{\"A\":105.82271575927734,\"k\":21.021700660816588}',0),(177,'{\"A\":105.78048706054688,\"k\":21.004394126544792}',0),(178,'{\"A\":105.80726623535156,\"k\":21.0393256216091}',0),(179,'{\"k\":21.006738,\"A\":105.84138000000007}',0),(180,'{\"A\":105.83636283874512,\"k\":21.011284931698984}',0),(181,'{\"A\":105.85554599761963,\"k\":21.008801073501687}',0),(187,'{\"k\":21.006738,\"A\":105.84138000000007}',0),(188,'{\"A\":105.83636283874512,\"k\":21.011284931698984}',0),(189,'{\"A\":105.85554599761963,\"k\":21.008801073501687}',0),(190,'{\"A\":105.7712173461914,\"k\":21.037402999918935}',0),(191,'{\"A\":105.83198547363281,\"k\":21.024584887940854}',0),(192,'{\"A\":105.79353332519531,\"k\":21.002471054356725}',0),(193,'{\"A\":105.8258056640625,\"k\":21.036121238339884}',0),(194,'{\"A\":105.76400756835938,\"k\":21.00407361623438}',0),(195,'{\"A\":105.78872680664062,\"k\":21.042529935945694}',0),(196,'{\"A\":105.8096694946289,\"k\":21.055666903853975}',0),(197,'{\"A\":105.80863952636719,\"k\":20.9861239404378}',0),(198,'{\"k\":21.006738,\"A\":105.84138000000007}',0),(199,'{\"A\":105.80263137817383,\"k\":21.028750895267972}',0),(200,'{\"A\":105.79473495483398,\"k\":21.00022743881783}',0),(201,'{\"A\":105.8316421508789,\"k\":21.028750895267972}',0),(202,'{\"A\":105.85567474365234,\"k\":21.015932039182243}',0),(203,'{\"A\":105.77997207641602,\"k\":21.044452491456457}',0),(204,'{\"A\":105.82185745239258,\"k\":21.03644167976854}',0),(205,'{\"A\":105.78392028808594,\"k\":21.016733249976216}',0),(206,'{\"A\":105.83507537841797,\"k\":21.018816377894986}',0),(207,'{\"A\":105.84623336791992,\"k\":21.042209507614245}',0),(208,'{\"A\":105.83284378051758,\"k\":20.99942613938043}',0),(209,'{\"A\":105.79679489135742,\"k\":21.032916786146625}',0),(210,'{\"A\":105.8089828491211,\"k\":20.995259312966528}',0),(211,'{\"k\":21.006738,\"A\":105.84138000000007}',0),(212,'{\"A\":105.79216003417969,\"k\":20.986765037443575}',0),(213,'{\"A\":105.78804016113281,\"k\":21.046695441515006}',0),(214,'{\"A\":105.8206558227539,\"k\":20.998945357653188}',0),(215,'{\"A\":105.90888977050781,\"k\":21.003753105235596}',0),(216,'{\"A\":105.81859588623047,\"k\":21.03644167976854}',0),(217,'{\"A\":105.86700439453125,\"k\":20.968813281390563}',0),(218,'{\"A\":105.82477569580078,\"k\":20.973942574596638}',0),(219,'{\"A\":105.85464477539062,\"k\":21.022662076058037}',0),(220,'{\"A\":105.71422576904297,\"k\":21.01208616745653}',0),(221,'{\"A\":105.83953857421875,\"k\":20.95310372634126}',0),(222,'{\"A\":105.77190399169922,\"k\":21.031955437049735}',0),(223,'{\"A\":105.7925033569336,\"k\":20.972339689376593}',0),(224,'{\"A\":105.7430648803711,\"k\":21.005355653345607}',0),(225,'{\"A\":105.89481353759766,\"k\":20.966248568790633}',0),(226,'{\"k\":21.006738,\"A\":105.84138000000007}',0),(227,'{\"A\":105.78426361083984,\"k\":21.0393256216091}',0),(228,'{\"A\":105.82202911376953,\"k\":21.021380187691733}',0),(229,'{\"A\":105.81825256347656,\"k\":20.992214250886114}',0),(230,'{\"A\":105.82649230957031,\"k\":21.018175418557828}',0),(231,'{\"A\":105.8536148071289,\"k\":21.003112081172876}',0),(232,'{\"A\":105.8755874633789,\"k\":20.980995065338664}',0),(233,'{\"A\":105.7815170288086,\"k\":21.01977781173484}',0),(234,'{\"A\":105.80863952636719,\"k\":20.98355952489907}',0),(235,'{\"A\":105.78289031982422,\"k\":21.016252524016373}',0),(236,'{\"A\":105.84159851074219,\"k\":20.96336321453168}',0),(237,'{\"A\":105.84674835205078,\"k\":20.993175856146852}',0),(238,'{\"A\":105.89824676513672,\"k\":20.987085584914595}',0),(239,'{\"A\":105.84983825683594,\"k\":21.01977781173484}',0),(240,'{\"A\":105.80692291259766,\"k\":21.080015289440535}',0),(241,'{\"A\":105.86700439453125,\"k\":20.99702221525892}',0),(242,'{\"A\":105.79147338867188,\"k\":21.007599191785754}',0),(243,'{\"k\":21.006738,\"A\":105.84138000000007}',0),(244,'{\"A\":105.86357116699219,\"k\":21.003272337446703}',0),(245,'{\"A\":105.86614608764648,\"k\":20.986284214947222}',0),(246,'{\"A\":105.8639144897461,\"k\":20.99958639961205}',0),(247,'{\"A\":105.83988189697266,\"k\":20.994778517819395}',0),(248,'{\"A\":105.84640502929688,\"k\":21.030353174772443}',0),(249,'{\"A\":105.86116790771484,\"k\":21.015611553659433}',0),(250,'{\"A\":105.79833984375,\"k\":21.016252524016373}',0),(251,'{\"A\":105.88005065917969,\"k\":20.98516228976984}',0),(252,'{\"A\":105.81207275390625,\"k\":21.026507675022103}',0),(253,'{\"A\":105.81035614013672,\"k\":20.985482840680387}',0),(254,'{\"A\":105.77808380126953,\"k\":21.003112081172876}',0),(255,'{\"A\":105.82786560058594,\"k\":20.99574010656533}',0),(256,'{\"A\":105.8041763305664,\"k\":21.064958205472088}',0),(257,'{\"A\":105.85121154785156,\"k\":21.02073923937545}',0),(258,'{\"k\":21.006738,\"A\":105.84138000000007}',0),(259,'{\"A\":105.83155632019043,\"k\":21.021300069302878}',0),(260,'{\"A\":105.82400321960449,\"k\":21.008961323665616}',3),(261,'{\"A\":105.82735061645508,\"k\":20.99269505429058}',0),(262,'{\"A\":105.83868026733398,\"k\":20.96576768028048}',3),(263,'{\"A\":105.8646011352539,\"k\":20.980193662698852}',0),(264,'{\"A\":105.87404251098633,\"k\":21.00086847527049}',2),(265,'{\"A\":105.8038330078125,\"k\":20.992214250886114}',0),(266,'{\"A\":105.81172943115234,\"k\":21.022341604999767}',0),(267,'{\"A\":105.79490661621094,\"k\":21.005996667770734}',0),(268,'{\"A\":105.82271575927734,\"k\":21.021700660816588}',0),(269,'{\"A\":105.78048706054688,\"k\":21.004394126544792}',0),(270,'{\"A\":105.80726623535156,\"k\":21.0393256216091}',0),(271,'{\"k\":21.006738,\"A\":105.84138000000007}',0),(272,'{\"A\":105.77911376953125,\"k\":21.049579184801413}',0),(273,'{\"A\":105.84159851074219,\"k\":21.027789519296693}',0),(274,'{\"A\":105.86219787597656,\"k\":21.00503514510042}',0),(275,'{\"A\":105.80554962158203,\"k\":21.04797711209345}',0),(276,'{\"A\":105.80039978027344,\"k\":21.02939180913695}',0),(277,'{\"A\":105.79456329345703,\"k\":21.002471054356725}',0),(278,'{\"A\":105.79593658447266,\"k\":20.99766326547656}',0),(279,'{\"A\":105.9027099609375,\"k\":20.993175856146852}',0),(280,'{\"A\":105.81825256347656,\"k\":21.015932039182243}',0),(281,'{\"A\":105.88314056396484,\"k\":20.98355952489907}',0),(282,'{\"A\":105.74066162109375,\"k\":21.05182205762915}',0),(283,'{\"A\":105.86254119873047,\"k\":20.995099048089518}',0),(284,'{\"A\":105.74031829833984,\"k\":21.04541375990421}',0),(285,'{\"A\":105.82237243652344,\"k\":20.99830431294133}',0),(286,'{\"A\":105.78804016113281,\"k\":21.0681619680406}',0),(287,'{\"A\":105.77568054199219,\"k\":21.004394126544792}',0),(288,'{\"A\":105.80074310302734,\"k\":21.020418764184065}',0),(289,'{\"A\":105.85670471191406,\"k\":20.992534786661118}',0),(290,'{\"A\":105.8096694946289,\"k\":20.979712819051706}',0),(291,'{\"A\":105.89000701904297,\"k\":20.977789428989375}',0),(292,'{\"k\":21.006738,\"A\":105.84138000000007}',0),(293,'{\"A\":105.83636283874512,\"k\":21.011284931698984}',0),(294,'{\"A\":105.85554599761963,\"k\":21.008801073501687}',0),(295,'{\"A\":105.83636283874512,\"k\":21.011284931698984}',0),(296,'{\"A\":105.85554599761963,\"k\":21.008801073501687}',0),(297,'{\"A\":105.7712173461914,\"k\":21.037402999918935}',0),(298,'{\"A\":105.83198547363281,\"k\":21.024584887940854}',0),(299,'{\"A\":105.79353332519531,\"k\":21.002471054356725}',0),(300,'{\"A\":105.8258056640625,\"k\":21.036121238339884}',0),(301,'{\"A\":105.76400756835938,\"k\":21.00407361623438}',0),(302,'{\"A\":105.78872680664062,\"k\":21.042529935945694}',0),(303,'{\"A\":105.8096694946289,\"k\":21.055666903853975}',0),(304,'{\"A\":105.80863952636719,\"k\":20.9861239404378}',0),(305,'{\"A\":105.80263137817383,\"k\":21.028750895267972}',0),(306,'{\"A\":105.79473495483398,\"k\":21.00022743881783}',0),(307,'{\"A\":105.8316421508789,\"k\":21.028750895267972}',0),(308,'{\"A\":105.85567474365234,\"k\":21.015932039182243}',0),(309,'{\"A\":105.77997207641602,\"k\":21.044452491456457}',0),(310,'{\"A\":105.82185745239258,\"k\":21.03644167976854}',0),(311,'{\"A\":105.78392028808594,\"k\":21.016733249976216}',0),(312,'{\"A\":105.83507537841797,\"k\":21.018816377894986}',0),(313,'{\"A\":105.84623336791992,\"k\":21.042209507614245}',0),(314,'{\"A\":105.83284378051758,\"k\":20.99942613938043}',0),(315,'{\"A\":105.79679489135742,\"k\":21.032916786146625}',0),(316,'{\"A\":105.8089828491211,\"k\":20.995259312966528}',0),(317,'{\"k\":21.006738,\"A\":105.84138000000007}',0),(318,'{\"A\":105.83636283874512,\"k\":21.011284931698984}',0),(319,'{\"A\":105.85554599761963,\"k\":21.008801073501687}',0),(320,'{\"A\":105.83636283874512,\"k\":21.011284931698984}',0),(321,'{\"A\":105.85554599761963,\"k\":21.008801073501687}',0),(322,'{\"A\":105.7712173461914,\"k\":21.037402999918935}',0),(323,'{\"A\":105.83198547363281,\"k\":21.024584887940854}',0),(324,'{\"A\":105.79353332519531,\"k\":21.002471054356725}',0),(325,'{\"A\":105.8258056640625,\"k\":21.036121238339884}',0),(326,'{\"A\":105.76400756835938,\"k\":21.00407361623438}',0),(327,'{\"A\":105.78872680664062,\"k\":21.042529935945694}',0),(328,'{\"A\":105.8096694946289,\"k\":21.055666903853975}',0),(329,'{\"A\":105.80863952636719,\"k\":20.9861239404378}',0),(330,'{\"A\":105.80263137817383,\"k\":21.028750895267972}',0),(331,'{\"A\":105.79473495483398,\"k\":21.00022743881783}',0),(332,'{\"A\":105.8316421508789,\"k\":21.028750895267972}',0),(333,'{\"A\":105.85567474365234,\"k\":21.015932039182243}',0),(334,'{\"A\":105.77997207641602,\"k\":21.044452491456457}',0),(335,'{\"A\":105.82185745239258,\"k\":21.03644167976854}',0),(336,'{\"A\":105.78392028808594,\"k\":21.016733249976216}',0),(337,'{\"A\":105.83507537841797,\"k\":21.018816377894986}',0),(338,'{\"A\":105.84623336791992,\"k\":21.042209507614245}',0),(339,'{\"A\":105.83284378051758,\"k\":20.99942613938043}',0),(340,'{\"A\":105.79679489135742,\"k\":21.032916786146625}',0),(341,'{\"A\":105.8089828491211,\"k\":20.995259312966528}',0),(342,'{\"k\":21.006738,\"A\":105.84138000000007}',0),(343,'{\"A\":105.82168579101562,\"k\":21.01368862606026}',0),(344,'{\"A\":105.86211204528809,\"k\":21.006637679442115}',0),(345,'{\"A\":105.85198402404785,\"k\":21.014329604681315}',0),(346,'{\"A\":105.83104133605957,\"k\":20.99862483564139}',0),(347,'{\"A\":105.8356761932373,\"k\":21.015611553659433}',0),(348,'{\"A\":105.85679054260254,\"k\":20.995419577671495}',0),(349,'{\"A\":105.85155487060547,\"k\":21.01112468403104}',0),(350,'{\"A\":105.84056854248047,\"k\":20.991893714423046}',0),(351,'{\"A\":105.84177017211914,\"k\":20.996220898615757}',0),(352,'{\"A\":105.83498954772949,\"k\":21.01953745385605}',0),(353,'{\"A\":105.82554817199707,\"k\":21.008560697933067}',0),(354,'{\"A\":105.8543872833252,\"k\":20.994938783040478}',0),(355,'{\"A\":105.86623191833496,\"k\":21.008320321977155}',0),(356,'{\"A\":105.83559036254883,\"k\":20.999025488048602}',0),(357,'{\"A\":105.8246898651123,\"k\":21.001910153633972}',0),(358,'{\"A\":105.8558464050293,\"k\":21.01288739891034}',0),(359,'{\"A\":105.82426071166992,\"k\":21.00631717395065}',0),(360,'{\"A\":105.86563110351562,\"k\":20.996781820717594}',0),(361,'{\"A\":105.8686351776123,\"k\":21.001269121655298}',0),(362,'{\"A\":105.83627700805664,\"k\":21.003512721534744}',0),(363,'{\"A\":105.85739135742188,\"k\":21.012166290795587}',0),(364,'{\"A\":105.84503173828125,\"k\":21.002390925811113}',0);
/*!40000 ALTER TABLE `POSITIONS` ENABLE KEYS */;
UNLOCK TABLES;

--
-- Table structure for table `REQUEST`
--

DROP TABLE IF EXISTS `REQUEST`;
/*!40101 SET @saved_cs_client     = @@character_set_client */;
/*!40101 SET character_set_client = utf8 */;
CREATE TABLE `REQUEST` (
  `id` int(11) NOT NULL AUTO_INCREMENT,
  `id_pickup` int(11) DEFAULT NULL,
  `id_deliver` int(11) DEFAULT NULL,
  `id_session` int(11) DEFAULT NULL,
  `weight` int(11) DEFAULT NULL,
  `Ep` varchar(10) DEFAULT NULL,
  `Lp` varchar(10) DEFAULT NULL,
  `Ed` varchar(10) DEFAULT NULL,
  `Ld` varchar(10) DEFAULT NULL,
  PRIMARY KEY (`id`),
  KEY `id_pickup` (`id_pickup`),
  KEY `id_deliver` (`id_deliver`),
  KEY `id_session` (`id_session`),
  CONSTRAINT `REQUEST_ibfk_1` FOREIGN KEY (`id_pickup`) REFERENCES `POSITIONS` (`id`) ON DELETE CASCADE ON UPDATE CASCADE,
  CONSTRAINT `REQUEST_ibfk_2` FOREIGN KEY (`id_deliver`) REFERENCES `POSITIONS` (`id`) ON DELETE CASCADE ON UPDATE CASCADE,
  CONSTRAINT `REQUEST_ibfk_3` FOREIGN KEY (`id_session`) REFERENCES `SESSIONS` (`id`) ON DELETE CASCADE ON UPDATE CASCADE
) ENGINE=InnoDB AUTO_INCREMENT=168 DEFAULT CHARSET=latin1;
/*!40101 SET character_set_client = @saved_cs_client */;

--
-- Dumping data for table `REQUEST`
--

LOCK TABLES `REQUEST` WRITE;
/*!40000 ALTER TABLE `REQUEST` DISABLE KEYS */;
INSERT INTO `REQUEST` VALUES (57,125,126,12,1,'0','86340','0','86340'),(58,127,128,12,1,'0','86340','0','86340'),(59,129,130,12,1,'0','86340','0','86340'),(60,131,132,12,1,'0','86340','0','86340'),(61,133,134,12,1,'0','86340','0','86340'),(62,135,136,12,1,'0','86340','0','86340'),(63,138,139,13,3,'0','86340','0','86340'),(64,140,141,13,6,'0','86340','0','86340'),(65,142,143,13,4,'0','86340','0','86340'),(66,144,145,13,1,'0','86340','0','86340'),(67,146,147,13,1,'0','86340','0','86340'),(68,148,149,13,1,'0','86340','0','86340'),(70,154,155,15,3,'0','86340','0','86340'),(71,156,157,15,6,'0','86340','0','86340'),(72,158,159,15,4,'0','86340','0','86340'),(73,160,161,15,1,'0','86340','0','86340'),(74,162,163,15,1,'0','86340','0','86340'),(75,164,165,15,1,'0','86340','0','86340'),(76,167,168,16,3,'0','86340','0','86340'),(77,169,170,16,6,'0','86340','0','86340'),(78,171,172,16,4,'0','86340','0','86340'),(79,173,174,16,1,'0','86340','0','86340'),(80,175,176,16,1,'0','86340','0','86340'),(81,177,178,16,1,'0','86340','0','86340'),(82,180,181,17,1,'0','86340','0','86340'),(84,188,189,21,1,'0','86340','0','86340'),(85,190,191,21,1,'0','86340','0','86340'),(86,192,193,21,1,'0','86340','0','86340'),(87,194,195,21,1,'0','86340','0','86340'),(88,196,197,21,1,'0','86340','0','86340'),(89,199,200,22,1,'0','86340','0','86340'),(90,201,202,22,1,'0','86340','0','86340'),(91,203,204,22,1,'0','86340','0','86340'),(92,205,206,22,1,'0','86340','0','86340'),(93,207,208,22,1,'0','86340','0','86340'),(94,209,210,22,1,'0','86340','0','86340'),(95,212,213,23,1,'0','86340','0','86340'),(96,214,215,23,1,'0','86340','0','86340'),(97,216,217,23,1,'0','86340','0','86340'),(98,218,219,23,1,'0','86340','0','86340'),(99,220,221,23,1,'0','86340','0','86340'),(100,222,223,23,1,'0','86340','0','86340'),(101,224,225,23,1,'0','86340','0','86340'),(102,227,228,24,1,'0','86340','0','86340'),(103,229,230,24,1,'0','86340','0','86340'),(104,231,232,24,1,'0','86340','0','86340'),(105,233,234,24,1,'0','86340','0','86340'),(106,235,236,24,1,'0','86340','0','86340'),(107,237,238,24,1,'0','86340','0','86340'),(108,239,240,24,1,'0','86340','0','86340'),(109,241,242,24,1,'0','86340','0','86340'),(110,244,245,25,1,'0','86340','0','86340'),(111,246,247,25,1,'0','86340','0','86340'),(112,248,249,25,1,'0','86340','0','86340'),(113,250,251,25,1,'0','86340','0','86340'),(114,252,253,25,1,'0','86340','0','86340'),(115,254,255,25,1,'0','86340','0','86340'),(116,256,257,25,1,'0','86340','0','86340'),(117,259,260,26,3,'24240','25260','24600','25440'),(118,261,262,26,6,'21900','23940','22980','23940'),(119,263,264,26,4,'23880','24720','21840','25020'),(120,265,266,26,1,'21840','25860','27660','27240'),(121,267,268,26,1,'21780','26940','23160','26520'),(122,269,270,26,1,'22500','26340','22080','27180'),(123,272,273,27,1,'0','86340','0','86340'),(124,274,275,27,2,'0','86340','0','86340'),(125,276,277,27,1,'0','86340','0','86340'),(126,278,279,27,1,'0','86340','0','86340'),(127,280,281,27,1,'0','86340','0','86340'),(128,282,283,27,1,'0','86340','0','86340'),(129,284,285,27,1,'0','86340','0','86340'),(130,286,287,27,1,'0','86340','0','86340'),(131,288,289,27,1,'0','86340','0','86340'),(132,290,291,27,1,'0','86340','0','86340'),(133,293,294,28,1,'0','86340','0','86340'),(134,295,296,28,1,'0','86340','0','86340'),(135,297,298,28,1,'0','86340','0','86340'),(136,299,300,28,1,'0','86340','0','86340'),(137,301,302,28,1,'0','86340','0','86340'),(138,303,304,28,1,'0','86340','0','86340'),(139,305,306,28,1,'0','86340','0','86340'),(140,307,308,28,1,'0','86340','0','86340'),(141,309,310,28,1,'0','86340','0','86340'),(142,311,312,28,1,'0','86340','0','86340'),(143,313,314,28,1,'0','86340','0','86340'),(144,315,316,28,1,'0','86340','0','86340'),(145,318,319,29,1,'21720','22980','21660','22500'),(146,320,321,29,1,'21660','23700','22020','22860'),(147,322,323,29,1,'23280','24360','24960','25080'),(148,324,325,29,1,'22140','22920','22080','24840'),(149,326,327,29,1,'22860','24360','22380','24180'),(150,328,329,29,1,'23940','24840','22020','25140'),(151,330,331,29,1,'23880','24900','24420','25140'),(152,332,333,29,1,'21720','23880','22680','24360'),(153,334,335,29,1,'23640','24840','26040','25440'),(154,336,337,29,1,'21720','23820','22440','25260'),(155,338,339,29,1,'23700','24660','23580','24960'),(156,340,341,29,1,'23640','24840','25560','25260'),(157,343,344,30,1,'0','86340','0','86340'),(158,345,346,30,1,'0','86340','0','86340'),(159,347,348,30,1,'0','86340','0','86340'),(160,349,350,30,1,'0','86340','0','86340'),(161,351,352,30,1,'0','86340','0','86340'),(162,353,354,30,1,'0','86340','0','86340'),(163,355,356,30,1,'0','86340','0','86340'),(164,357,358,30,1,'0','86340','0','86340'),(165,359,360,30,1,'0','86340','0','86340'),(166,361,362,30,1,'0','86340','0','86340'),(167,363,364,30,1,'0','86340','0','86340');
/*!40000 ALTER TABLE `REQUEST` ENABLE KEYS */;
UNLOCK TABLES;

--
-- Table structure for table `ROUTCOST`
--

DROP TABLE IF EXISTS `ROUTCOST`;
/*!40101 SET @saved_cs_client     = @@character_set_client */;
/*!40101 SET character_set_client = utf8 */;
CREATE TABLE `ROUTCOST` (
  `id_position_1` int(11) NOT NULL,
  `id_position_2` int(11) NOT NULL,
  `distance` float DEFAULT NULL,
  `duration` float DEFAULT NULL,
  PRIMARY KEY (`id_position_1`,`id_position_2`),
  KEY `id_position_2` (`id_position_2`),
  CONSTRAINT `ROUTCOST_ibfk_1` FOREIGN KEY (`id_position_1`) REFERENCES `POSITIONS` (`id`) ON DELETE CASCADE ON UPDATE CASCADE,
  CONSTRAINT `ROUTCOST_ibfk_2` FOREIGN KEY (`id_position_2`) REFERENCES `POSITIONS` (`id`) ON DELETE CASCADE ON UPDATE CASCADE
) ENGINE=InnoDB DEFAULT CHARSET=latin1;
/*!40101 SET character_set_client = @saved_cs_client */;

--
-- Dumping data for table `ROUTCOST`
--

LOCK TABLES `ROUTCOST` WRITE;
/*!40000 ALTER TABLE `ROUTCOST` DISABLE KEYS */;
INSERT INTO `ROUTCOST` VALUES (124,125,2205,260),(124,126,2497,361),(124,127,4113,646),(124,128,6467,818),(124,129,5363,701),(124,130,4945,621),(124,131,6071,706),(124,132,4345,630),(124,133,8164,940),(124,134,2901,376),(124,135,9108,1152),(124,136,6211,885),(125,126,1649,281),(125,127,4546,815),(125,128,8416,1075),(125,129,7449,975),(125,130,7031,894),(125,131,4498,607),(125,132,2788,502),(125,133,6189,859),(125,134,1344,248),(125,135,7551,1024),(125,136,4770,729),(126,127,3440,558),(126,128,8742,1001),(126,129,7789,960),(126,130,7891,989),(126,131,2891,345),(126,132,2937,444),(126,133,4983,578),(126,134,3182,444),(126,135,6478,850),(126,136,5725,805),(127,128,7133,1066),(127,129,7056,1080),(127,130,7659,1207),(127,131,4712,783),(127,132,5061,870),(127,133,6804,1016),(127,134,5232,901),(127,135,7855,1218),(127,136,7756,1177),(128,129,5574,689),(128,130,8429,1134),(128,131,8852,962),(128,132,11744,1268),(128,133,9181,927),(128,134,8396,1175),(128,135,10908,1166),(128,136,14303,1541),(129,130,4331,559),(129,131,8907,1044),(129,132,9257,1131),(129,133,11000,1278),(129,134,7962,1020),(129,135,12050,1479),(129,136,11951,1439),(130,131,15965,1458),(130,132,16315,1545),(130,133,18058,1692),(130,134,15020,1434),(130,135,19108,1893),(130,136,15925,1751),(131,132,4666,580),(131,133,2104,239),(131,134,5104,621),(131,135,3830,478),(131,136,7226,854),(132,133,3730,568),(132,134,1547,294),(132,135,5092,733),(132,136,2533,418),(133,134,4162,562),(133,135,2500,344),(133,136,4995,628),(134,135,6162,961),(134,136,3548,593),(135,136,8884,1085),(137,138,2205,260),(137,139,2497,361),(137,140,4113,646),(137,141,6467,818),(137,142,5363,701),(137,143,4945,621),(137,144,6071,706),(137,145,4345,630),(137,146,8164,940),(137,147,2901,376),(137,148,9108,1152),(137,149,6211,885),(138,139,1649,281),(138,140,4546,815),(138,141,8416,1075),(138,142,7449,975),(138,143,7031,894),(138,144,4498,607),(138,145,2788,502),(138,146,6189,859),(138,147,1344,248),(138,148,7551,1024),(138,149,4770,729),(139,140,3440,558),(139,141,8742,1001),(139,142,7789,960),(139,143,7891,989),(139,144,2891,345),(139,145,2937,444),(139,146,4983,578),(139,147,3182,444),(139,148,6478,850),(139,149,5725,805),(140,141,7133,1066),(140,142,7056,1080),(140,143,7659,1207),(140,144,4712,783),(140,145,5061,870),(140,146,6804,1016),(140,147,5232,901),(140,148,7855,1218),(140,149,7756,1177),(141,142,5574,689),(141,143,8429,1134),(141,144,8852,962),(141,145,11744,1268),(141,146,9181,927),(141,147,8396,1175),(141,148,10908,1166),(141,149,14303,1541),(142,143,4331,559),(142,144,8907,1044),(142,145,9257,1131),(142,146,11000,1278),(142,147,7962,1020),(142,148,12050,1479),(142,149,11951,1439),(143,144,15965,1458),(143,145,16315,1545),(143,146,18058,1692),(143,147,15020,1434),(143,148,19108,1893),(143,149,15925,1751),(144,145,4666,580),(144,146,2104,239),(144,147,5104,621),(144,148,3830,478),(144,149,7226,854),(145,146,3730,568),(145,147,1547,294),(145,148,5092,733),(145,149,2533,418),(146,147,4162,562),(146,148,2500,344),(146,149,4995,628),(147,148,6162,961),(147,149,3548,593),(148,149,8884,1085),(153,154,2205,260),(153,155,2497,361),(153,156,4113,646),(153,157,6467,818),(153,158,5363,701),(153,159,4945,621),(153,160,6071,706),(153,161,4345,630),(153,162,8164,940),(153,163,2901,376),(153,164,9108,1152),(153,165,6211,885),(154,155,1649,281),(154,156,4546,815),(154,157,8416,1075),(154,158,7449,975),(154,159,7031,894),(154,160,4498,607),(154,161,2788,502),(154,162,6189,859),(154,163,1344,248),(154,164,7551,1024),(154,165,4770,729),(155,156,3440,558),(155,157,8742,1001),(155,158,7789,960),(155,159,7891,989),(155,160,2891,345),(155,161,2937,444),(155,162,4983,578),(155,163,3182,444),(155,164,6478,850),(155,165,5725,805),(156,157,7133,1066),(156,158,7056,1080),(156,159,7659,1207),(156,160,4712,783),(156,161,5061,870),(156,162,6804,1016),(156,163,5232,901),(156,164,7855,1218),(156,165,7756,1177),(157,158,5574,689),(157,159,8429,1134),(157,160,8852,962),(157,161,11744,1268),(157,162,9181,927),(157,163,8396,1175),(157,164,10908,1166),(157,165,14303,1541),(158,159,4331,559),(158,160,8907,1044),(158,161,9257,1131),(158,162,11000,1278),(158,163,7962,1020),(158,164,12050,1479),(158,165,11951,1439),(159,160,15965,1458),(159,161,16315,1545),(159,162,18058,1692),(159,163,15020,1434),(159,164,19108,1893),(159,165,15925,1751),(160,161,4666,580),(160,162,2104,239),(160,163,5104,621),(160,164,3830,478),(160,165,7226,854),(161,162,3730,568),(161,163,1547,294),(161,164,5092,733),(161,165,2533,418),(162,163,4162,562),(162,164,2500,344),(162,165,4995,628),(163,164,6162,961),(163,165,3548,593),(164,165,8884,1085),(166,167,2205,260),(166,168,2497,361),(166,169,4113,646),(166,170,6467,818),(166,171,5363,701),(166,172,4945,621),(166,173,6071,706),(166,174,4345,630),(166,175,8164,940),(166,176,2901,376),(166,177,9108,1152),(166,178,6211,885),(167,168,1649,281),(167,169,4546,815),(167,170,8416,1075),(167,171,7449,975),(167,172,7031,894),(167,173,4498,607),(167,174,2788,502),(167,175,6189,859),(167,176,1344,248),(167,177,7551,1024),(167,178,4770,729),(168,169,3440,558),(168,170,8742,1001),(168,171,7789,960),(168,172,7891,989),(168,173,2891,345),(168,174,2937,444),(168,175,4983,578),(168,176,3182,444),(168,177,6478,850),(168,178,5725,805),(169,170,7133,1066),(169,171,7056,1080),(169,172,7659,1207),(169,173,4712,783),(169,174,5061,870),(169,175,6804,1016),(169,176,5232,901),(169,177,7855,1218),(169,178,7756,1177),(170,171,5574,689),(170,172,8429,1134),(170,173,8852,962),(170,174,11744,1268),(170,175,9181,927),(170,176,8396,1175),(170,177,10908,1166),(170,178,14303,1541),(171,172,4331,559),(171,173,8907,1044),(171,174,9257,1131),(171,175,11000,1278),(171,176,7962,1020),(171,177,12050,1479),(171,178,11951,1439),(172,173,15965,1458),(172,174,16315,1545),(172,175,18058,1692),(172,176,15020,1434),(172,177,19108,1893),(172,178,15925,1751),(173,174,4666,580),(173,175,2104,239),(173,176,5104,621),(173,177,3830,478),(173,178,7226,854),(174,175,3730,568),(174,176,1547,294),(174,177,5092,733),(174,178,2533,418),(175,176,4162,562),(175,177,2500,344),(175,178,4995,628),(176,177,6162,961),(176,178,3548,593),(177,178,8884,1085),(179,180,1657,207),(179,181,1538,154),(180,181,2186,244),(187,188,1657,207),(187,189,1538,154),(187,190,8636,1276),(187,191,2664,364),(187,192,7725,983),(187,193,4778,727),(187,194,11501,1454),(187,195,7258,1084),(187,196,7974,1112),(187,197,8644,987),(188,189,2186,244),(188,190,8016,1216),(188,191,2043,305),(188,192,6831,934),(188,193,4157,667),(188,194,10386,1416),(188,195,6637,1024),(188,196,7354,1053),(188,197,9155,1060),(189,190,10409,1536),(189,191,4436,624),(189,192,10780,1276),(189,193,6551,987),(189,194,13274,1714),(189,195,9030,1344),(189,196,9747,1372),(189,197,10408,1290),(190,191,8187,1208),(190,192,6491,664),(190,193,8835,1251),(190,194,8009,920),(190,195,2981,468),(190,196,6536,825),(190,197,10945,1296),(191,192,6486,827),(191,193,2962,558),(191,194,10262,1298),(191,195,6018,928),(191,196,6735,956),(191,197,7867,1025),(192,193,7692,1194),(192,194,5253,666),(192,195,7132,920),(192,196,8732,1184),(192,197,4570,672),(193,194,11740,1635),(193,195,5548,833),(193,196,4573,682),(193,197,11056,1641),(194,195,6981,821),(194,196,10537,1178),(194,197,8051,1015),(195,196,3657,418),(195,197,10002,1377),(196,197,11871,1641),(198,199,5445,825),(198,200,7976,1012),(198,201,3240,414),(198,202,2286,280),(198,203,9546,1419),(198,204,5508,804),(198,205,8735,1076),(198,206,2001,264),(198,207,4429,608),(198,208,3019,343),(198,209,6775,1018),(198,210,7035,845),(199,200,4767,700),(199,201,3357,513),(199,202,7117,991),(199,203,5154,775),(199,204,2922,538),(199,205,3303,718),(199,206,5241,761),(199,207,5894,883),(199,208,5908,830),(199,209,2383,374),(199,210,6883,995),(200,201,5509,768),(200,202,9150,1121),(200,203,7212,1041),(200,204,6663,1034),(200,205,2812,442),(200,206,6062,827),(200,207,8421,1223),(200,208,4988,614),(200,209,6732,952),(200,210,2116,295),(201,202,4160,564),(201,203,7966,1056),(201,204,2618,480),(201,205,6876,929),(201,206,1884,248),(201,207,2937,456),(201,208,4463,566),(201,209,5036,741),(201,210,6473,800),(202,203,10655,1654),(202,204,5753,904),(202,205,9844,1312),(202,206,2464,357),(202,207,4276,612),(202,208,5115,694),(202,209,7883,1254),(202,210,8127,1113),(203,204,6827,1125),(203,205,3958,587),(203,206,9145,1348),(203,207,9863,1375),(203,208,9279,1315),(203,209,3301,535),(203,210,8010,1063),(204,205,6989,1006),(204,206,4322,683),(204,207,3216,547),(204,208,7370,1073),(204,209,4741,761),(204,210,8346,1237),(205,206,8074,1099),(205,207,10905,1393),(205,208,7178,963),(205,209,3725,522),(205,210,5079,693),(206,207,3744,531),(206,208,3653,521),(206,209,5419,896),(206,210,5663,755),(207,208,6962,940),(207,209,7615,1051),(207,210,8972,1174),(208,209,7985,1068),(208,210,5715,738),(209,210,7187,1018),(211,212,7760,948),(211,213,8375,1119),(211,214,3710,478),(211,215,12397,1282),(211,216,5289,760),(211,217,6653,861),(211,218,6270,769),(211,219,3181,444),(211,220,15533,1650),(211,221,6552,818),(211,222,9194,1410),(211,223,9991,1390),(211,224,13613,1533),(211,225,9360,1378),(212,213,9440,1264),(212,214,5126,740),(212,215,18263,1776),(212,216,7838,1080),(212,217,11204,1266),(212,218,5776,736),(212,219,10848,1451),(212,220,11571,1221),(212,221,9514,1142),(212,222,7307,1039),(212,223,3767,632),(212,224,7631,1045),(212,225,14421,1699),(213,214,7843,1143),(213,215,16082,2049),(213,216,4742,636),(213,217,16842,1899),(213,218,11415,1369),(213,219,8527,1237),(213,220,11531,1216),(213,221,15153,1775),(213,222,3641,484),(213,223,11515,1631),(213,224,9611,1099),(213,225,20060,2332),(214,215,16465,1523),(214,216,5815,837),(214,217,7967,1008),(214,218,4627,782),(214,219,6688,863),(214,220,12916,1412),(214,221,7716,889),(214,222,7488,1133),(214,223,7268,1162),(214,224,10997,1295),(214,225,12623,1446),(215,216,13743,1802),(215,217,8114,641),(215,218,13075,1147),(215,219,11335,1169),(215,220,26254,2391),(215,221,13136,1170),(215,222,21989,2209),(215,223,18234,1980),(215,224,24334,2274),(215,225,6817,690),(216,217,11663,1548),(216,218,10505,1318),(216,219,4931,805),(216,220,13089,1386),(216,221,11425,1487),(216,222,6463,958),(216,223,10605,1580),(216,224,11170,1268),(216,225,14616,1974),(217,218,7390,794),(217,219,6480,936),(217,220,20568,2037),(217,221,7451,817),(217,222,16304,1856),(217,223,12548,1627),(217,224,18649,1920),(217,225,4390,590),(218,219,9485,1241),(218,220,13766,1374),(218,221,4457,557),(218,222,9502,1193),(218,223,5793,953),(218,224,11846,1257),(218,225,9364,1115),(219,220,16854,1904),(219,221,9385,1216),(219,222,10243,1567),(219,223,11297,1675),(219,224,14935,1786),(219,225,10031,1240),(220,221,17600,1838),(220,222,9532,924),(220,223,12886,1343),(220,224,4437,484),(220,225,22507,2396),(221,222,13632,1680),(221,223,7052,1032),(221,224,15977,1744),(221,225,8648,1116),(222,223,9585,1479),(222,224,7400,912),(222,225,18129,2180),(223,224,7625,1231),(223,225,14208,1769),(224,225,19611,2160),(226,227,7590,1178),(226,228,3410,423),(226,229,4581,763),(226,230,2269,277),(226,231,1988,276),(226,232,6249,890),(226,233,9156,1134),(226,234,7274,842),(226,235,9515,1189),(226,236,5116,647),(226,237,2585,413),(226,238,8676,1038),(226,239,2487,328),(226,240,15798,1819),(226,241,4103,510),(226,242,7408,941),(227,228,5682,924),(227,229,8998,1365),(227,230,6401,1087),(227,231,10162,1534),(227,232,16494,2079),(227,233,4101,606),(227,234,7556,1054),(227,235,3017,478),(227,236,12475,1568),(227,237,10794,1548),(227,238,17383,2162),(227,239,8753,1353),(227,240,9279,1185),(227,241,12278,1768),(227,242,5247,798),(228,229,5367,960),(228,230,1228,246),(228,231,4989,693),(228,232,9250,1307),(228,233,6212,934),(228,234,6090,850),(228,235,6571,989),(228,236,7980,1048),(228,237,5449,814),(228,238,11677,1455),(228,239,4401,648),(228,240,14426,1691),(228,241,7104,927),(228,242,4464,741),(229,230,4488,649),(229,231,5540,789),(229,232,9355,1360),(229,233,6513,1029),(229,234,2406,628),(229,235,6872,1085),(229,236,5712,832),(229,237,5032,747),(229,238,12945,1533),(229,239,7248,984),(229,240,18377,2184),(229,241,7845,1085),(229,242,5914,880),(230,231,4514,587),(230,232,8775,1201),(230,233,6722,885),(230,234,5471,688),(230,235,7080,940),(230,236,7505,942),(230,237,4974,708),(230,238,11202,1349),(230,239,3926,543),(230,240,15123,1753),(230,241,6630,821),(230,242,4974,693),(231,232,4298,692),(231,233,10071,1248),(231,234,8083,967),(231,235,10430,1304),(231,236,6211,844),(231,237,2632,455),(231,238,6725,840),(231,239,2714,463),(231,240,17356,1920),(231,241,2152,311),(231,242,8323,1056),(232,233,12773,1638),(232,234,12603,1406),(232,235,13132,1693),(232,236,8495,916),(232,237,5019,745),(232,238,3495,487),(232,239,6135,990),(232,240,19729,2134),(232,241,2998,520),(232,242,11025,1446),(233,234,5610,823),(233,235,1071,246),(233,236,10529,1337),(233,237,10389,1462),(233,238,17761,2038),(233,239,10545,1492),(233,240,11201,1300),(233,241,13202,1801),(233,242,3301,567),(234,235,6673,892),(234,236,4919,514),(234,237,7140,818),(234,238,12152,1215),(234,239,10690,1252),(234,240,17515,2136),(234,241,9128,1042),(234,242,5301,733),(235,236,9457,1090),(235,237,9318,1216),(235,238,16690,1792),(235,239,9973,1305),(235,240,11870,1461),(235,241,12131,1554),(235,242,2230,321),(236,237,3954,634),(236,238,7913,873),(236,239,7504,1068),(236,240,21796,2465),(236,241,5942,858),(236,242,9583,1062),(237,238,7169,902),(237,239,4940,665),(237,240,19616,2105),(237,241,2398,333),(237,242,7742,961),(238,239,7708,999),(238,240,20618,2134),(238,241,5906,783),(238,242,16010,1717),(239,240,14744,1681),(239,241,4230,627),(239,242,8008,1064),(240,241,15700,1780),(240,242,11509,1380),(241,242,9302,1132),(243,244,3022,371),(243,245,5513,749),(243,246,3475,508),(243,247,1695,280),(243,248,2987,391),(243,249,3354,471),(243,250,6591,842),(243,251,6435,943),(243,252,4151,614),(243,253,8825,1031),(243,254,14243,1551),(243,255,3240,417),(243,256,9487,1269),(243,257,2652,342),(244,245,3386,590),(244,246,1348,349),(244,247,4507,716),(244,248,4618,641),(244,249,2073,383),(244,250,9057,1131),(244,251,5030,709),(244,252,6972,1008),(244,253,9139,1341),(244,254,16708,1840),(244,255,5599,717),(244,256,13481,1582),(244,257,2741,426),(245,246,2502,404),(245,247,5613,790),(245,248,7162,1006),(245,249,5126,723),(245,250,9684,1209),(245,251,1992,377),(245,252,10027,1235),(245,253,8623,1134),(245,254,17336,1918),(245,255,6226,795),(245,256,16496,1875),(245,257,5285,791),(246,247,5043,684),(246,248,5095,695),(246,249,2550,437),(246,250,9113,1102),(246,251,4365,755),(246,252,7449,1062),(246,253,9196,1312),(246,254,16765,1811),(246,255,5656,688),(246,256,13958,1636),(246,257,3218,480),(247,248,4962,717),(247,249,5328,796),(247,250,6389,847),(247,251,6132,1073),(247,252,6733,873),(247,253,7624,893),(247,254,14041,1555),(247,255,2931,433),(247,256,12069,1528),(247,257,4626,667),(248,249,3226,442),(248,250,6987,1039),(248,251,8348,1012),(248,252,4408,689),(248,253,11528,1398),(248,254,14379,1714),(248,255,5943,784),(248,256,7526,1043),(248,257,1590,262),(249,250,10839,1291),(249,251,5357,677),(249,252,6516,1088),(249,253,10922,1501),(249,254,18491,2000),(249,255,7381,877),(249,256,11632,1266),(249,257,1552,301),(250,251,11458,1658),(250,252,2701,421),(250,253,6851,1061),(250,254,8693,942),(250,255,5001,741),(250,256,6693,888),(250,257,7770,1189),(251,252,10738,1403),(251,253,12153,1303),(251,254,18046,2086),(251,255,6937,963),(251,256,16721,1886),(251,257,5995,959),(252,253,8307,1307),(252,254,10189,1200),(252,255,5846,810),(252,256,5336,655),(252,257,5069,768),(253,254,9973,1063),(253,255,4760,651),(253,256,11495,1455),(253,257,9089,1153),(254,255,7284,870),(254,256,10174,1221),(254,257,9906,1334),(255,256,10539,1380),(255,257,5665,766),(256,257,9331,1210),(258,259,2205,260),(258,260,2497,361),(258,261,4113,646),(258,262,6467,818),(258,263,5363,701),(258,264,4945,621),(258,265,6071,706),(258,266,4345,630),(258,267,8164,940),(258,268,2901,376),(258,269,9108,1152),(258,270,6211,885),(259,260,1649,281),(259,261,4546,815),(259,262,8416,1075),(259,263,7449,975),(259,264,7031,894),(259,265,4498,607),(259,266,2788,502),(259,267,6189,859),(259,268,1344,248),(259,269,7551,1024),(259,270,4770,729),(260,261,3440,558),(260,262,8742,1001),(260,263,7789,960),(260,264,7891,989),(260,265,2891,345),(260,266,2937,444),(260,267,4983,578),(260,268,3182,444),(260,269,6478,850),(260,270,5724,805),(261,262,7133,1066),(261,263,7056,1080),(261,264,7659,1207),(261,265,4712,783),(261,266,5116,884),(261,267,6804,1016),(261,268,5360,884),(261,269,7855,1218),(261,270,7756,1177),(262,263,5574,689),(262,264,8429,1134),(262,265,8852,962),(262,266,9745,1321),(262,267,9181,927),(262,268,8396,1175),(262,269,10908,1166),(262,270,14303,1541),(263,264,4331,559),(263,265,8907,1044),(263,266,9311,1145),(263,267,11000,1278),(263,268,7962,1020),(263,269,12050,1479),(263,270,11951,1439),(264,265,15965,1458),(264,266,16369,1559),(264,267,18058,1692),(264,268,15020,1434),(264,269,19108,1893),(264,270,15925,1751),(265,266,4666,580),(265,267,2104,239),(265,268,5104,621),(265,269,3830,478),(265,270,7226,854),(266,267,3730,568),(266,268,1547,294),(266,269,5092,733),(266,270,2533,418),(267,268,4162,562),(267,269,2500,344),(267,270,4995,628),(268,269,6162,961),(268,270,3548,593),(269,270,8884,1085),(271,272,11924,1632),(271,273,2687,483),(271,274,3156,379),(271,275,9241,1277),(271,276,6110,945),(271,277,19703,1788),(271,278,7687,955),(271,279,10340,1166),(271,280,3698,462),(271,281,7005,1030),(271,282,12198,1671),(271,283,4592,558),(271,284,12381,1886),(271,285,3749,483),(271,286,11848,1551),(271,287,9105,1075),(271,288,6302,819),(271,289,5032,630),(271,290,8235,950),(271,291,7762,1119),(272,273,8093,1071),(272,274,12464,1592),(272,275,5647,688),(272,276,4165,596),(272,277,31349,2796),(272,278,7463,1065),(272,279,20950,2186),(272,280,7660,994),(272,281,17268,2170),(272,282,6140,792),(272,283,13900,1770),(272,284,6323,1008),(272,285,9513,1271),(272,286,3437,523),(272,287,6693,857),(272,288,5960,789),(272,289,14340,1842),(272,290,9529,1215),(272,291,19239,2140),(273,274,5358,667),(273,275,7633,1078),(273,276,5585,876),(273,277,22168,1931),(273,278,7779,1030),(273,279,10787,1262),(273,280,3806,510),(273,281,8990,1193),(273,282,11673,1602),(273,283,6794,846),(273,284,11857,1817),(273,285,5833,736),(273,286,9920,1443),(273,287,8461,1136),(273,288,5658,881),(273,289,7234,918),(273,290,8327,1025),(273,291,9660,1203),(274,275,11296,1589),(274,276,8600,1289),(274,277,17761,1626),(274,278,10232,1251),(274,279,7700,938),(274,280,6189,807),(274,281,5064,868),(274,282,14688,2015),(274,283,2651,395),(274,284,14872,2231),(274,285,6294,779),(274,286,15146,1786),(274,287,11757,1360),(274,288,8954,1105),(274,289,3091,467),(274,290,10779,1246),(274,291,6574,878),(275,276,3137,458),(275,277,27059,2476),(275,278,7858,1145),(275,279,15679,1807),(275,280,5308,696),(275,281,13882,1737),(275,282,8310,959),(275,283,11548,1472),(275,284,8493,1174),(275,285,7122,994),(275,286,4534,620),(275,287,7738,957),(275,288,3568,512),(275,289,11988,1544),(275,290,9924,1294),(275,291,14552,1747),(276,277,28011,2484),(276,278,5610,898),(276,279,17612,1874),(276,280,3612,581),(276,281,12265,1829),(276,282,7419,973),(276,283,9852,1357),(276,284,7602,1188),(276,285,4874,748),(276,286,6545,929),(276,287,5490,711),(276,288,1230,232),(276,289,9736,1427),(276,290,7676,1048),(276,291,15902,1828),(277,278,10338,1126),(277,279,23825,2247),(277,280,10198,1169),(277,281,23126,2340),(277,282,9080,836),(277,283,16438,1945),(277,284,9263,1051),(277,285,11691,1326),(277,286,8258,786),(277,287,9569,918),(277,288,8137,843),(277,289,16554,2005),(277,290,12404,1276),(277,291,22115,2201),(278,279,14737,1384),(278,280,3922,563),(278,281,14037,1476),(278,282,9693,1219),(278,283,10372,1299),(278,284,10396,1284),(278,285,4296,571),(278,286,8959,1174),(278,287,2975,351),(278,288,3391,498),(278,289,10457,1230),(278,290,3316,412),(278,291,13026,1337),(279,280,18010,1787),(279,281,7621,618),(279,282,28590,2787),(279,283,10284,1061),(279,284,29293,2851),(279,285,16087,1579),(279,286,21714,2412),(279,287,21871,1918),(279,288,18747,1905),(279,289,11034,1187),(279,290,16754,1513),(279,291,7264,534),(280,281,10420,1459),(280,282,10381,1486),(280,283,8007,986),(280,284,10564,1701),(280,285,2997,499),(280,286,10031,1365),(280,287,6088,801),(280,288,3285,546),(280,289,8447,1058),(280,290,6211,902),(280,291,11177,1548),(281,282,18995,2467),(281,283,3104,549),(281,284,19178,2683),(281,285,8016,1121),(281,286,19287,2232),(281,287,16290,1701),(281,288,10676,1447),(281,289,3854,676),(281,290,11173,1296),(281,291,1683,274),(282,283,16695,2378),(282,284,804,334),(282,285,11948,1759),(282,286,8573,1270),(282,287,9610,1326),(282,288,8395,1277),(282,289,16811,2438),(282,290,12446,1683),(282,291,22156,2608),(283,284,16074,2134),(283,285,4912,572),(283,286,15017,1875),(283,287,10375,1153),(283,288,7572,898),(283,289,1699,251),(283,290,9398,1039),(283,291,5958,731),(284,285,12018,1701),(284,286,8643,1211),(284,287,9681,1267),(284,288,8465,1218),(284,289,16881,2380),(284,290,12516,1625),(284,291,22227,2550),(285,286,11170,1570),(285,287,6528,849),(285,288,3725,593),(285,289,5905,849),(285,290,5551,735),(285,291,12071,1250),(286,287,9023,1229),(286,288,8052,1108),(286,289,18256,2091),(286,290,11859,1586),(286,291,20176,2244),(287,288,5010,616),(287,289,13508,1536),(287,290,6367,718),(287,291,16077,1643),(288,289,8563,1246),(288,290,6393,874),(288,291,14728,1647),(289,290,7636,1140),(289,291,4611,773),(290,291,10298,1041),(292,293,1657,207),(292,294,1538,154),(292,295,1657,207),(292,296,1538,154),(292,297,8636,1276),(292,298,2664,364),(292,299,7725,983),(292,300,4778,727),(292,301,11501,1454),(292,302,7258,1084),(292,303,7974,1112),(292,304,8644,987),(292,305,5445,825),(292,306,7976,1012),(292,307,3240,414),(292,308,2286,280),(292,309,9544,1418),(292,310,5508,804),(292,311,8735,1076),(292,312,2001,264),(292,313,4429,608),(292,314,3019,343),(292,315,6775,1018),(292,316,7035,845),(293,294,2186,244),(293,295,0,0),(293,296,2186,244),(293,297,8016,1216),(293,298,2043,305),(293,299,6831,934),(293,300,4157,667),(293,301,10386,1416),(293,302,6637,1024),(293,303,7354,1053),(293,304,9155,1060),(293,305,4824,765),(293,306,7081,963),(293,307,2619,354),(293,308,2934,369),(293,309,8924,1359),(293,310,4888,744),(293,311,7840,1027),(293,312,1386,225),(293,313,4973,704),(293,314,2013,328),(293,315,6155,958),(293,316,5590,737),(294,295,3430,467),(294,296,0,0),(294,297,10409,1536),(294,298,4436,624),(294,299,10780,1276),(294,300,6551,987),(294,301,13274,1714),(294,302,9030,1344),(294,303,9747,1372),(294,304,10408,1290),(294,305,7217,1085),(294,306,11030,1306),(294,307,5013,674),(294,308,1970,336),(294,309,11317,1678),(294,310,7281,1064),(294,311,11789,1369),(294,312,3741,548),(294,313,5359,805),(294,314,5967,648),(294,315,8548,1278),(294,316,9983,1149),(295,296,2186,244),(295,297,8016,1216),(295,298,2043,305),(295,299,6831,934),(295,300,4157,667),(295,301,10386,1416),(295,302,6637,1024),(295,303,7354,1053),(295,304,9155,1060),(295,305,4824,765),(295,306,7081,963),(295,307,2619,354),(295,308,2934,369),(295,309,8924,1359),(295,310,4888,744),(295,311,7840,1027),(295,312,1386,225),(295,313,4973,704),(295,314,2013,328),(295,315,6155,958),(295,316,5590,737),(296,297,10409,1536),(296,298,4436,624),(296,299,10780,1276),(296,300,6551,987),(296,301,13274,1714),(296,302,9030,1344),(296,303,9747,1372),(296,304,10408,1290),(296,305,7217,1085),(296,306,11030,1306),(296,307,5013,674),(296,308,1970,336),(296,309,11317,1678),(296,310,7281,1064),(296,311,11789,1369),(296,312,3741,548),(296,313,5359,805),(296,314,5967,648),(296,315,8548,1278),(296,316,9983,1149),(297,298,8187,1208),(297,299,6491,664),(297,300,8835,1251),(297,301,8009,920),(297,302,2981,468),(297,303,6536,825),(297,304,10945,1296),(297,305,4234,651),(297,306,6742,693),(297,307,7494,1125),(297,308,11254,1604),(297,309,2044,430),(297,310,8013,1084),(297,311,5029,602),(297,312,9378,1373),(297,313,10096,1404),(297,314,9511,1341),(297,315,3534,561),(297,316,8858,988),(298,299,6486,827),(298,300,2962,558),(298,301,10262,1298),(298,302,6018,928),(298,303,6735,956),(298,304,7867,1025),(298,305,4205,669),(298,306,6737,856),(298,307,1424,245),(298,308,3651,479),(298,309,8305,1262),(298,310,3693,635),(298,311,7496,920),(298,312,1191,165),(298,313,3778,594),(298,314,3769,483),(298,315,5535,862),(298,316,5779,717),(299,300,7692,1194),(299,301,5253,666),(299,302,7132,920),(299,303,8732,1184),(299,304,4570,672),(299,305,5569,747),(299,306,366,69),(299,307,5876,837),(299,308,9516,1190),(299,309,7740,1061),(299,310,7102,1081),(299,311,3343,463),(299,312,6428,872),(299,313,8787,1292),(299,314,5354,683),(299,315,7068,985),(299,316,2483,364),(300,301,11740,1635),(300,302,5548,833),(300,303,4573,682),(300,304,11056,1641),(300,305,4034,664),(300,306,6853,1038),(300,307,2040,424),(300,308,5443,838),(300,309,7610,1075),(300,310,1208,248),(300,311,7612,1101),(300,312,4000,659),(300,313,2961,530),(300,314,6579,978),(300,315,5365,856),(300,316,8969,1333),(301,302,6981,821),(301,303,10537,1178),(301,304,8051,1015),(301,305,7248,851),(301,306,3847,412),(301,307,8916,1085),(301,308,12661,1490),(301,309,6865,864),(301,310,8781,1186),(301,311,3695,487),(301,312,9674,1172),(301,313,11748,1545),(301,314,8835,1027),(301,315,6954,893),(301,316,5964,707),(302,303,3657,418),(302,304,10002,1377),(302,305,2551,363),(302,306,5799,774),(302,307,5266,769),(302,308,9165,1261),(302,309,2734,427),(302,310,5134,677),(302,311,3864,593),(302,312,7150,1017),(302,313,7217,996),(302,314,7829,1053),(302,315,1851,274),(302,316,7915,1069),(303,304,11871,1641),(303,305,3862,529),(303,306,7668,1039),(303,307,5343,772),(303,308,8865,1180),(303,309,5535,693),(303,310,3974,563),(303,311,7838,991),(303,312,7227,1020),(303,313,5108,788),(303,314,8808,1169),(303,315,4531,600),(303,316,9784,1333),(304,305,6639,818),(304,306,3525,481),(304,307,7018,887),(304,308,8542,1047),(304,309,8719,1159),(304,310,8172,1153),(304,311,4321,561),(304,312,6172,823),(304,313,9364,1294),(304,314,4380,541),(304,315,8241,1071),(304,316,1509,222),(305,306,4767,700),(305,307,3357,513),(305,308,7117,991),(305,309,5152,775),(305,310,2922,538),(305,311,3303,718),(305,312,5241,761),(305,313,5894,883),(305,314,5908,830),(305,315,2383,374),(305,316,6883,995),(306,307,5509,768),(306,308,9150,1121),(306,309,7210,1040),(306,310,6663,1034),(306,311,2812,442),(306,312,6062,803),(306,313,8421,1223),(306,314,4988,614),(306,315,6732,952),(306,316,2116,295),(307,308,4160,564),(307,309,7966,1056),(307,310,2618,480),(307,311,6876,929),(307,312,1884,248),(307,313,2937,456),(307,314,4463,566),(307,315,5036,741),(307,316,6473,800),(308,309,10653,1654),(308,310,5753,904),(308,311,9844,1312),(308,312,2464,357),(308,313,4276,612),(308,314,5115,694),(308,315,7883,1254),(308,316,8127,1113),(309,310,6827,1125),(309,311,3958,587),(309,312,9145,1348),(309,313,9863,1375),(309,314,9279,1315),(309,315,3301,535),(309,316,8010,1063),(310,311,6989,1006),(310,312,4322,683),(310,313,3216,547),(310,314,7370,1073),(310,315,4741,761),(310,316,8346,1237),(311,312,8162,1093),(311,313,10905,1393),(311,314,7177,963),(311,315,3725,522),(311,316,5079,693),(312,313,3744,531),(312,314,3653,521),(312,315,5419,896),(312,316,5663,755),(313,314,6962,940),(313,315,7615,1051),(313,316,8972,1174),(314,315,7985,1068),(314,316,5715,738),(315,316,7187,1018),(317,318,1657,207),(317,319,1538,154),(317,320,1657,207),(317,321,1538,154),(317,322,8636,1276),(317,323,2664,364),(317,324,7725,983),(317,325,4778,727),(317,326,11501,1454),(317,327,7258,1084),(317,328,7974,1112),(317,329,8644,987),(317,330,5445,825),(317,331,7976,1012),(317,332,3240,414),(317,333,2286,280),(317,334,9544,1418),(317,335,5508,804),(317,336,8735,1076),(317,337,2001,264),(317,338,4429,608),(317,339,3019,343),(317,340,6775,1018),(317,341,7035,845),(318,319,2186,244),(318,320,0,0),(318,321,2186,244),(318,322,8016,1216),(318,323,2043,305),(318,324,6831,934),(318,325,4157,667),(318,326,10386,1416),(318,327,6637,1024),(318,328,7354,1053),(318,329,9155,1060),(318,330,4824,765),(318,331,7081,963),(318,332,2619,354),(318,333,2934,369),(318,334,8924,1359),(318,335,4888,744),(318,336,7840,1027),(318,337,1386,225),(318,338,4973,704),(318,339,2013,328),(318,340,6155,958),(318,341,5590,737),(319,320,3430,467),(319,321,0,0),(319,322,10409,1536),(319,323,4436,624),(319,324,10780,1276),(319,325,6551,987),(319,326,13274,1714),(319,327,9030,1344),(319,328,9747,1372),(319,329,10408,1290),(319,330,7217,1085),(319,331,11030,1306),(319,332,5013,674),(319,333,1970,336),(319,334,11317,1678),(319,335,7281,1064),(319,336,11789,1369),(319,337,3741,548),(319,338,5359,805),(319,339,5967,648),(319,340,8548,1278),(319,341,9983,1149),(320,321,2186,244),(320,322,8016,1216),(320,323,2043,305),(320,324,6831,934),(320,325,4157,667),(320,326,10386,1416),(320,327,6637,1024),(320,328,7354,1053),(320,329,9155,1060),(320,330,4824,765),(320,331,7081,963),(320,332,2619,354),(320,333,2934,369),(320,334,8924,1359),(320,335,4888,744),(320,336,7840,1027),(320,337,1386,225),(320,338,4973,704),(320,339,2013,328),(320,340,6155,958),(320,341,5590,737),(321,322,10409,1536),(321,323,4436,624),(321,324,10780,1276),(321,325,6551,987),(321,326,13274,1714),(321,327,9030,1344),(321,328,9747,1372),(321,329,10408,1290),(321,330,7217,1085),(321,331,11030,1306),(321,332,5013,674),(321,333,1970,336),(321,334,11317,1678),(321,335,7281,1064),(321,336,11789,1369),(321,337,3741,548),(321,338,5359,805),(321,339,5967,648),(321,340,8548,1278),(321,341,9983,1149),(322,323,8187,1208),(322,324,6491,664),(322,325,8835,1251),(322,326,8009,920),(322,327,2981,468),(322,328,6536,825),(322,329,10945,1296),(322,330,4234,651),(322,331,6742,693),(322,332,7494,1125),(322,333,11254,1604),(322,334,2044,430),(322,335,8013,1084),(322,336,5029,602),(322,337,9378,1373),(322,338,10096,1404),(322,339,9511,1341),(322,340,3534,561),(322,341,8858,988),(323,324,6486,827),(323,325,2962,558),(323,326,10262,1298),(323,327,6018,928),(323,328,6735,956),(323,329,7867,1025),(323,330,4205,669),(323,331,6737,856),(323,332,1424,245),(323,333,3651,479),(323,334,8305,1262),(323,335,3693,635),(323,336,7496,920),(323,337,1191,165),(323,338,3778,594),(323,339,3769,483),(323,340,5535,862),(323,341,5779,717),(324,325,7692,1194),(324,326,5253,666),(324,327,7132,920),(324,328,8732,1184),(324,329,4570,672),(324,330,5569,747),(324,331,366,69),(324,332,5876,837),(324,333,9516,1190),(324,334,7740,1061),(324,335,7102,1081),(324,336,3343,463),(324,337,6428,872),(324,338,8787,1292),(324,339,5354,683),(324,340,7068,985),(324,341,2483,364),(325,326,11740,1635),(325,327,5548,833),(325,328,4573,682),(325,329,11056,1641),(325,330,4034,664),(325,331,6853,1038),(325,332,2040,424),(325,333,5443,838),(325,334,7610,1075),(325,335,1208,248),(325,336,7612,1101),(325,337,4000,659),(325,338,2961,530),(325,339,6579,978),(325,340,5365,856),(325,341,8969,1333),(326,327,6981,821),(326,328,10537,1178),(326,329,8051,1015),(326,330,7248,851),(326,331,3847,412),(326,332,8916,1085),(326,333,12661,1490),(326,334,6865,864),(326,335,8781,1186),(326,336,3695,487),(326,337,9674,1172),(326,338,11748,1545),(326,339,8835,1027),(326,340,6954,893),(326,341,5964,707),(327,328,3657,418),(327,329,10002,1377),(327,330,2551,363),(327,331,5799,774),(327,332,5266,769),(327,333,9165,1261),(327,334,2734,427),(327,335,5134,677),(327,336,3864,593),(327,337,7150,1017),(327,338,7217,996),(327,339,7829,1053),(327,340,1851,274),(327,341,7915,1069),(328,329,11871,1641),(328,330,3862,529),(328,331,7668,1039),(328,332,5343,772),(328,333,8865,1180),(328,334,5535,693),(328,335,3974,563),(328,336,7838,991),(328,337,7227,1020),(328,338,5108,788),(328,339,8808,1169),(328,340,4531,600),(328,341,9784,1333),(329,330,6639,818),(329,331,3525,481),(329,332,7018,887),(329,333,8542,1047),(329,334,8719,1159),(329,335,8172,1153),(329,336,4321,561),(329,337,6172,823),(329,338,9364,1294),(329,339,4380,541),(329,340,8241,1071),(329,341,1509,222),(330,331,4767,700),(330,332,3357,513),(330,333,7117,991),(330,334,5152,775),(330,335,2922,538),(330,336,3303,718),(330,337,5241,761),(330,338,5894,883),(330,339,5908,830),(330,340,2383,374),(330,341,6883,995),(331,332,5509,768),(331,333,9150,1121),(331,334,7210,1040),(331,335,6663,1034),(331,336,2812,442),(331,337,6062,803),(331,338,8421,1223),(331,339,4988,614),(331,340,6732,952),(331,341,2116,295),(332,333,4160,564),(332,334,7966,1056),(332,335,2618,480),(332,336,6876,929),(332,337,1884,248),(332,338,2937,456),(332,339,4463,566),(332,340,5036,741),(332,341,6473,800),(333,334,10653,1654),(333,335,5753,904),(333,336,9844,1312),(333,337,2464,357),(333,338,4276,612),(333,339,5115,694),(333,340,7883,1254),(333,341,8127,1113),(334,335,6827,1125),(334,336,3958,587),(334,337,9145,1348),(334,338,9863,1375),(334,339,9279,1315),(334,340,3301,535),(334,341,8010,1063),(335,336,6989,1006),(335,337,4322,683),(335,338,3216,547),(335,339,7370,1073),(335,340,4741,761),(335,341,8346,1237),(336,337,8162,1093),(336,338,10905,1393),(336,339,7177,963),(336,340,3725,522),(336,341,5079,693),(337,338,3744,531),(337,339,3653,521),(337,340,5419,896),(337,341,5663,755),(338,339,6962,940),(338,340,7615,1051),(338,341,8972,1174),(339,340,7985,1068),(339,341,5715,738),(340,341,7187,1018),(342,343,3367,440),(342,344,2465,356),(342,345,1747,204),(342,346,3021,349),(342,347,1398,173),(342,348,4074,466),(342,349,1392,151),(342,350,1911,272),(342,351,1921,317),(342,352,2016,266),(342,353,2544,348),(342,354,3129,490),(342,355,3650,474),(342,356,3253,359),(342,357,3010,334),(342,358,2228,279),(342,359,2890,497),(342,360,3974,485),(342,361,3729,468),(342,362,1070,161),(342,363,2351,294),(342,364,1450,202),(343,344,5741,756),(343,345,5024,604),(343,346,2678,403),(343,347,2484,421),(343,348,7350,866),(343,349,4668,550),(343,350,4119,548),(343,351,4159,618),(343,352,2560,360),(343,353,900,159),(343,354,6405,890),(343,355,6927,874),(343,356,2910,412),(343,357,2666,382),(343,358,5505,679),(343,359,1740,296),(343,360,7251,885),(343,361,7005,868),(343,362,2325,375),(343,363,5627,694),(343,364,4726,602),(344,345,1749,335),(344,346,5379,652),(344,347,3702,525),(344,348,1946,311),(344,349,1607,299),(344,350,4206,666),(344,351,3857,587),(344,352,3746,559),(344,353,4847,699),(344,354,2198,364),(344,355,1853,344),(344,356,5611,662),(344,357,5368,637),(344,358,1316,279),(344,359,6685,818),(344,360,1846,330),(344,361,1301,306),(344,362,3365,555),(344,363,1190,263),(344,364,2803,531),(345,346,4769,607),(345,347,2771,408),(345,348,3487,454),(345,349,817,205),(345,350,3659,530),(345,351,3669,575),(345,352,2131,291),(345,353,4036,576),(345,354,3739,508),(345,355,2136,306),(345,356,5001,617),(345,357,4758,592),(345,358,714,111),(345,359,4876,713),(345,360,3388,473),(345,361,3142,457),(345,362,2818,419),(345,363,837,126),(345,364,2257,399),(346,347,3598,465),(346,348,4137,564),(346,349,3592,443),(346,350,1768,217),(346,351,1807,287),(346,352,4216,558),(346,353,3277,407),(346,354,4021,566),(346,355,5850,767),(346,356,558,81),(346,357,1953,255),(346,358,4428,572),(346,359,3271,436),(346,360,5155,697),(346,361,4757,695),(346,362,2455,342),(346,363,4551,587),(346,364,2323,356),(347,348,5320,668),(347,349,2638,352),(347,350,3020,457),(347,351,3030,503),(347,352,640,122),(347,353,2137,301),(347,354,4375,692),(347,355,4896,676),(347,356,2845,456),(347,357,2602,425),(347,358,3474,481),(347,359,2977,437),(347,360,5220,687),(347,361,4975,670),(347,362,2179,346),(347,363,3597,496),(347,364,2696,404),(348,349,4029,450),(348,350,3255,398),(348,351,1911,276),(348,352,4653,565),(348,353,4746,478),(348,354,252,54),(348,355,2881,434),(348,356,3665,352),(348,357,3422,327),(348,358,3036,429),(348,359,4739,508),(348,360,1019,132),(348,361,2072,285),(348,362,2892,350),(348,363,2911,413),(348,364,2075,296),(349,350,3268,466),(349,351,3279,511),(349,352,2486,344),(349,353,3910,499),(349,354,2572,476),(349,355,2259,324),(349,356,4610,552),(349,357,4367,528),(349,358,837,129),(349,359,4256,648),(349,360,3417,470),(349,361,3172,453),(349,362,2427,355),(349,363,959,144),(349,364,1866,335),(350,351,1016,226),(350,352,4202,636),(350,353,4295,569),(350,354,2887,494),(350,355,5837,844),(350,356,3214,443),(350,357,2971,418),(350,358,4415,650),(350,359,4288,599),(350,360,4021,625),(350,361,4744,773),(350,362,2441,420),(350,363,4537,664),(350,364,2310,434),(351,352,3186,410),(351,353,3279,343),(351,354,2991,412),(351,355,4821,618),(351,356,2198,217),(351,357,1955,192),(351,358,3399,424),(351,359,3272,373),(351,360,4125,543),(351,361,3728,547),(351,362,1425,194),(351,363,3521,438),(351,364,1294,208),(352,353,1905,285),(352,354,5005,743),(352,355,4167,559),(352,356,3872,536),(352,357,3629,505),(352,358,2745,364),(352,359,2745,422),(352,360,5851,737),(352,361,5606,720),(352,362,2828,378),(352,363,2867,379),(352,364,3326,455),(353,354,5468,737),(353,355,5634,720),(353,356,2004,253),(353,357,1761,222),(353,358,4212,525),(353,359,1030,176),(353,360,5958,731),(353,361,5713,714),(353,362,1420,215),(353,363,4334,540),(353,364,3433,448),(354,355,3133,492),(354,356,3550,380),(354,357,3306,355),(354,358,3289,487),(354,359,4624,536),(354,360,1271,190),(354,361,2324,343),(354,362,2777,378),(354,363,3163,471),(354,364,1959,324),(355,356,6337,655),(355,357,6094,630),(355,358,3209,500),(355,359,7411,811),(355,360,1830,281),(355,361,1488,199),(355,362,5564,653),(355,363,3084,484),(355,364,4747,599),(356,357,1396,174),(356,358,3870,491),(356,359,2713,355),(356,360,4597,616),(356,361,4199,614),(356,362,1897,261),(356,363,3993,505),(356,364,1766,275),(357,358,5156,667),(357,359,1317,181),(357,360,5883,792),(357,361,5485,791),(357,362,2009,373),(357,363,5278,682),(357,364,3051,452),(358,359,4837,760),(358,360,2969,428),(358,361,2724,411),(358,362,3008,467),(358,363,139,19),(358,364,2447,442),(359,360,6478,851),(359,361,6233,834),(359,362,1940,335),(359,363,4854,660),(359,364,3953,568),(360,361,1179,195),(360,362,4402,577),(360,363,3157,500),(360,364,3585,524),(361,362,4608,560),(361,363,2476,425),(361,364,3791,507),(362,363,3177,410),(362,364,2276,318),(363,364,2569,457);
/*!40000 ALTER TABLE `ROUTCOST` ENABLE KEYS */;
UNLOCK TABLES;

--
-- Table structure for table `SESSIONS`
--

DROP TABLE IF EXISTS `SESSIONS`;
/*!40101 SET @saved_cs_client     = @@character_set_client */;
/*!40101 SET character_set_client = utf8 */;
CREATE TABLE `SESSIONS` (
  `id` int(11) NOT NULL AUTO_INCREMENT,
  `time` timestamp NOT NULL DEFAULT CURRENT_TIMESTAMP ON UPDATE CURRENT_TIMESTAMP,
  `solution` varchar(256) DEFAULT NULL,
  `depot` int(11) DEFAULT NULL,
  `num_vehicle` int(11) DEFAULT NULL,
  `capacity` int(11) DEFAULT NULL,
  `back` int(11) DEFAULT NULL,
  `timeleft` int(11) DEFAULT NULL,
  PRIMARY KEY (`id`),
  KEY `depot` (`depot`),
  CONSTRAINT `SESSIONS_ibfk_1` FOREIGN KEY (`depot`) REFERENCES `POSITIONS` (`id`) ON DELETE CASCADE ON UPDATE CASCADE
) ENGINE=InnoDB AUTO_INCREMENT=31 DEFAULT CHARSET=latin1;
/*!40101 SET character_set_client = @saved_cs_client */;

--
-- Dumping data for table `SESSIONS`
--

LOCK TABLES `SESSIONS` WRITE;
/*!40000 ALTER TABLE `SESSIONS` DISABLE KEYS */;
INSERT INTO `SESSIONS` VALUES (12,'2014-05-23 02:24:43',NULL,124,6,10,25200,21600),(13,'2014-05-23 02:24:43',NULL,137,3,10,25200,21600),(15,'2014-05-23 02:24:43',NULL,153,3,10,25200,21600),(16,'2014-05-23 02:24:43',NULL,166,3,10,25200,21600),(17,'2014-05-23 02:24:43',NULL,179,3,10,25200,21600),(21,'2014-05-23 02:37:58',NULL,187,8,10,36300,21600),(22,'2014-05-23 03:01:25',NULL,198,3,10,72000,21600),(23,'2014-05-28 06:28:09',NULL,211,8,10,72000,21600),(24,'2014-05-28 06:41:44',NULL,226,3,10,72000,21600),(25,'2014-05-28 06:49:35',NULL,243,3,10,72000,21600),(26,'2014-05-29 15:26:50',NULL,258,3,10,25200,21600),(27,'2014-05-29 15:37:51',NULL,271,3,10,72000,21600),(28,'2014-05-29 15:54:24',NULL,292,7,10,25200,21600),(29,'2014-05-29 15:59:00',NULL,317,7,10,25200,21600),(30,'2014-05-31 06:31:46',NULL,342,3,10,28800,21600);
/*!40000 ALTER TABLE `SESSIONS` ENABLE KEYS */;
UNLOCK TABLES;
/*!40103 SET TIME_ZONE=@OLD_TIME_ZONE */;

/*!40101 SET SQL_MODE=@OLD_SQL_MODE */;
/*!40014 SET FOREIGN_KEY_CHECKS=@OLD_FOREIGN_KEY_CHECKS */;
/*!40014 SET UNIQUE_CHECKS=@OLD_UNIQUE_CHECKS */;
/*!40101 SET CHARACTER_SET_CLIENT=@OLD_CHARACTER_SET_CLIENT */;
/*!40101 SET CHARACTER_SET_RESULTS=@OLD_CHARACTER_SET_RESULTS */;
/*!40101 SET COLLATION_CONNECTION=@OLD_COLLATION_CONNECTION */;
/*!40111 SET SQL_NOTES=@OLD_SQL_NOTES */;

-- Dump completed on 2014-05-31 21:58:27
